{
  "version": 2,
  "warnings": [
    {
      "code": "Trial",
      "cwe": 0,
      "level": 0,
      "positions": [],
      "message": "License was not entered. Please enter a valid PVS-Studio license or request a trial license at https://pvs-studio.com/en/pvs-studio/try-free/.",
      "stacktrace": [
        "com.pvsstudio.Main.checkLicenseInNewJavaAnalyzerCoreProcess(Main.java:279)",
        "com.pvsstudio.Main.main(Main.java:572)"
      ],
      "projects": [],
      "favorite": false,
      "falseAlarm": false
    }
  ]
}